Nombre;Matematicas;Fisica;Sociales;Religion;Artistica;Filosofia;Informatica;Español
Manuel Lopez;32;34;26;39;37;38;45;40
Andrea Parra;28;30;28;38;35;37;40;41
Juan Velez;36;39;35;34;31;39;40;39
Pedro Infante;24;24;42;48;36;38;39;37
Venito Juarez;39;41;36;43;39;36;43;45
Carlos Zea;28;34;29;39;30;34;42;40
Erick Castro;29;32;37;47;45;39;44;40
Salome martinez;30;31;41;46;44;31;46;38
Santiago Perez;30;37;45;48;33;39;45;37
Ramon Peña;35;32;36;47;21;40;47;25
Hollman Rincon;37;36;40;41;26;42;49;39
Ariel Sanchez;37;40;35;42;38;36;47;40
Oscar Vargas;37;42;40;30;37;42;48;35
Luiza Marquez;40;38;28;41;45;32;40;35
Daniela Parra;19;29;25;42;48;30;39;35
